name,ring,quadrant,isNew,description
C#,Adopt,languages-and-frameworks,FALSE,"C# (Си Шарп) является объектно-ориентированным языком программирования, разработанным компанией Microsoft. Он был представлен в 2000 году и включен в состав платформы .NET. C# был создан для упрощения процесса разработки приложений, особенно для платформы Windows.

Вот некоторые основные особенности C#:

Объектная ориентированность: C# является объектно-ориентированным языком, что означает, что он основан на идеях инкапсуляции, наследования и полиморфизма. Это позволяет разработчикам создавать более модульные и гибкие программы.
Символы: В C# символы имеют тип char, который может хранить один символ в юникоде.
Строки: Строки в C# представлены типом string, который является массивом символов юникода.
Переменные: В C#, переменные объявляются с использованием ключевого слова var, если тип переменной может быть определен из контекста. В противном случае, необходимо явно указать тип переменной.
Типы данных: C# поддерживает различные встроенные числовые типы данных, такие как целочисленные (int, uint), с плавающей точкой (float, double), а также булевы (bool)."
PHP,Assess,languages-and-frameworks,FALSE,"PHP (Hypertext Preprocessor) — это широко используемый открытый серверный скриптовый язык общего назначения, особенно популярный для веб-разработки и работы с базами данных. Он был разработан для обработки HTML-кода, написания сценариев на стороне сервера и генерации динамических веб-страниц.

PHP обладает рядом особенностей, которые делают его популярным выбором для многих веб-проектов:

– Простота: PHP имеет простой синтаксис, который легко освоить даже новичкам. Это делает его идеальным для начинающих веб-разработчиков.
– Открытый исходный код: PHP является открытым программным обеспечением и распространяется под лицензией PHP License. Это означает, что его можно использовать бесплатно и модифицировать по своему усмотрению.
– Богатая библиотека: PHP поставляется с большой коллекцией функций и библиотек, которые могут быть использованы для решения различных задач, таких как работа с базами данных, обработка форм, генерация PDF-файлов и многое другое.
– Кросс-платформенность: PHP работает на различных платформах, включая Windows, Linux и macOS. Это позволяет использовать его для создания веб-приложений, работающих на разных операционных системах."
JAVA,Adopt,languages-and-frameworks,FALSE,"JAVA — высокоуровневый язык программирования общего назначения, разработанный компанией Oracle Corporation. Он является статически типизированным, компилируемым языком с автоматическим управлением памятью, обладая при этом концепциями объектно-ориентированного программирования.

Язык Java был разработан в 1995 году Джеймсом Гослингом, и с тех пор он стал одним из самых популярных языков программирования в мире. Java используется для создания множества различных типов приложений, от простых веб-приложений до сложных корпоративных систем.

Одним из главных преимуществ Java является его кросс-платформенность. Это означает, что программы, написанные на Java, могут работать на разных типах устройств и операционных систем без необходимости их модификации. Это достигается благодаря тому, что Java-программы компилируются в байт-код, который затем выполняется виртуальной машиной Java (JVM).

Java также обладает богатой стандартной библиотекой, которая включает в себя различные классы и интерфейсы для работы с файлами, сетью, базами данных и другими ресурсами. Кроме того, существует множество сторонних библиотек, которые еще больше расширяют возможности языка.

Еще одной особенностью Java является его безопасность. Java-программы выполняются в “песочнице”, что предотвращает возможность выполнения вредоносного кода внутри программы."
Node.JS,Adopt,languages-and-frameworks,FALSE,"Node.js — это кросс-платформенная среда выполнения JavaScript, позволяющая выполнять JavaScript-код вне браузера. Node.js использует движок V8, который используется в Google Chrome, и позволяет использовать JavaScript для серверных приложений.

Node.js имеет несколько особенностей, которые делают его привлекательным для разработчиков:

– Высокая производительность: Node.js является однопоточным, что означает, что все операции ввода-вывода выполняются асинхронно. Это позволяет Node.js обрабатывать большое количество одновременных запросов без снижения производительности.
– Библиотеки и фреймворки: Node.js имеет большое количество библиотек и фреймворков, которые позволяют разработчикам быстро создавать приложения. Некоторые из наиболее популярных библиотек включают Express, Koa, Hapi и Sails.
– Интеграция с другими технологиями: Node.js легко интегрируется с другими технологиями, такими как MongoDB, Redis и PostgreSQL. Это позволяет создавать масштабируемые и отказоустойчивые приложения.
– Поддержка модулей: Node.js поддерживает модули, что позволяет разработчикам легко создавать модульные приложения."
Swift,Adopt,languages-and-frameworks,FALSE,"Swift — мультипарадигменный, компилируемый язык программирования, разработанный корпорацией Apple для iOS, macOS, watchOS, tvOS и Linux. Swift был представлен в июне 2014 года на конференции WWDC.

Swift является современным языком программирования с поддержкой многих передовых возможностей, таких как closures, generics, tuples, optionals, pattern matching, immutability and operator overloading.

Одной из ключевых особенностей Swift является его производительность. Swift использует компилятор Just-in-Time (JIT) для оптимизации кода во время выполнения, что позволяет получить высокую производительность при минимальном объеме кода.

Кроме того, Swift имеет простой и понятный синтаксис, который облегчает изучение языка для начинающих программистов."
Kotlin,Adopt,languages-and-frameworks,FALSE,"Kotlin — это современный статически типизированный язык программирования для создания различных приложений, который разрабатывается и поддерживается компанией JetBrains. Язык был создан с целью сделать разработку более удобной и продуктивной, сохранив при этом совместимость с библиотеками и существующим кодом на Java.

Основные особенности Kotlin:

– Простота и лаконичность: Kotlin предлагает более краткий и понятный синтаксис по сравнению с Java, что делает код более читаемым и упрощает его написание.
– Статическая типизация: Kotlin гарантирует, что типы переменных будут определены на этапе компиляции, что повышает безопасность и надежность кода.
– Функции высшего порядка: В Kotlin можно передавать функции как аргументы другим функциям или возвращать их как результат других функций, что делает код более гибким и расширяемым.
– Лямбда-выражения и операторы функций: Kotlin предоставляет удобные средства для работы с функциями, включая лямбда-выражения, функции-расширения и оператор функции.
– Null-безопасность: Kotlin позволяет избежать ошибок, связанных с нулевыми указателями, благодаря строгому контролю за возможным отсутствием значений.
– Интерфейсы и реализации: Kotlin поддерживает интерфейсы и реализации, что позволяет создавать гибкие и модульные системы."
Angular,Adopt,Platforms,FALSE,"Angular — это популярная платформа для разработки веб-приложений на основе архитектуры Model-View-Controller (MVC). Она разработана и поддерживается командой Google Angular Team и используется для создания интерактивных, быстрых и безопасных веб-приложений.

Angular имеет ряд особенностей, которые делают его востребованным среди разработчиков:

– MVC-архитектура: Angular разделяет приложение на три основных компонента: модель (Model), представление (View) и контроллер (Controller). Это позволяет разработчикам сосредоточиться на конкретной задаче и упрощает процесс разработки.
– Двухсторонняя привязка данных (Data-binding): Angular автоматически синхронизирует данные между моделью и представлением, что упрощает разработку пользовательского интерфейса и уменьшает количество ошибок.
– Модульность: Angular позволяет разбивать приложение на модули, каждый из которых может быть разработан отдельно и интегрирован в приложение без влияния на другие модули. Это упрощает масштабирование и поддержку приложения.
– Тестирование: Angular имеет встроенную поддержку тестирования, что облегчает процесс тестирования и отладки приложений.
– Интеграция с Angular CLI: Angular CLI — это инструмент командной строки, который упрощает процесс создания новых проектов, управление зависимостями и сборкой приложений."
JS,Adopt,languages-and-frameworks,FALSE,"JavaScript — это высокоуровневый, интерпретируемый, слабо типизированный язык программирования. Разработан и внедрен фирмой Netscape в браузер Navigator 2.0 в 1996 году.

Синтаксис языка подобен синтаксису Java, однако JavaScript проще и компактнее.

На данный момент JavaScript является самым популярным языком программирования в Интернете. Он используется для создания сложных интерактивных веб-сайтов, мобильных приложений и даже для программирования микроконтроллеров.

Одна из главных особенностей JavaScript — его кроссбраузерность. Программы на JavaScript могут выполняться в любом современном браузере, что делает его идеальным выбором для веб-разработки.

Другой важной особенностью JavaScript является его асинхронность. Это означает, что JavaScript может выполнять несколько операций одновременно, что делает его очень эффективным для создания интерактивных веб-приложений."
1С,Adopt,languages-and-frameworks,FALSE,"1C – это не только язык программирования, но и платформа для разработки бизнес-приложений. Она была создана в России в 1991 году и с тех пор стала одним из самых популярных инструментов для автоматизации бизнеса.

Платформа 1C используется для разработки различных приложений, таких как программы учета, управления предприятием, CRM-системы и другие. Она имеет открытый исходный код, что позволяет программистам создавать свои собственные приложения на ее основе.

Особенностью языка 1C является его простота и удобство для пользователя. Он имеет простой и интуитивно понятный интерфейс, который позволяет даже неопытным пользователям быстро освоиться в программе. Кроме того, 1C имеет широкий набор инструментов для работы с данными, что делает его универсальным решением для автоматизации бизнес-процессов."
Ionic,Hold,Platforms,FALSE,"Ionic — это платформа для создания мобильных приложений с использованием web-технологий (HTML, CSS, JavaScript). Она была разработана компанией Drifty и основана на фреймворке Angular.

Ionic позволяет создавать нативные Android и iOS приложения с использованием HTML, CSS и JavaScript. Это означает, что вы можете использовать те же инструменты и технологии, которые вы уже знаете, чтобы создать приложение, которое будет работать на мобильных устройствах.

Особенности Ionic:

– Поддержка нескольких платформ: Ionic позволяет создавать приложения для Android, iOS и Windows.
– Быстрый старт: Ionic имеет простой и быстрый процесс создания нового проекта, который включает в себя все необходимые файлы и настройки.
– Нативный внешний вид: Ionic использует компоненты Material Design от Google, что обеспечивает нативный внешний вид приложений на всех платформах.
– Гибкость: Ionic позволяет вам создавать приложения с любой сложностью, от простых одностраничных приложений до сложных многостраничных приложений.
– Открытый исходный код: Ionic является open-source проектом, что означает, что вы можете свободно использовать его в своих проектах."
PhoneGap,Hold,Platforms,FALSE,"PhoneGap — это фреймворк для создания гибридных мобильных приложений, основанный на Web технологиях. Он позволяет использовать HTML, CSS, и JavaScript для создания нативных приложений для iOS, Android и других платформ.

PhoneGap был создан компанией Nitobi в 2009 году, а затем был приобретен Adobe Systems в 2011 году. В 2015 году компания Adobe передала PhoneGap в открытый доступ, и теперь он является проектом с открытым исходным кодом, поддерживаемым сообществом разработчиков.

PhoneGap использует технологию Cordova для создания приложений. Эта технология позволяет разработчикам использовать нативные API и компоненты платформы, на которой работает приложение, без необходимости писать нативный код.

Основными преимуществами PhoneGap являются:

– Кросс-платформенность — PhoneGap позволяет создавать приложения, которые работают на разных платформах, таких как iOS, Android, Windows Phone и других.
– Простота разработки — PhoneGap использует HTML, CSS и JavaScript, что делает процесс разработки более простым и понятным для разработчиков, знакомых с этими языками.
– Быстрая разработка — благодаря использованию готовых компонентов и нативному API, разработка приложений с помощью PhoneGap занимает меньше времени, чем разработка нативных приложений."
Django,Adopt,Platforms,FALSE,"Django - это высокоуровневая веб-фреймворк, написанная на языке Python, которая используется для быстрого создания веб-приложений и веб-сервисов. Django был создан для того, чтобы облегчить процесс разработки и сделать его более продуктивным, предоставляя разработчикам инструменты, необходимые для создания масштабируемых и надежных веб-приложений. Одной из особенностей Django является его ORM (Object Relational Mapper), который позволяет разработчикам работать с базами данных на более высоком уровне абстракции, не заботясь о деталях SQL. Кроме того, Django имеет встроенный механизм аутентификации и авторизации, что упрощает создание систем управления доступом."
Spring Boot,Adopt,Platforms,FALSE,"Spring Boot - это фреймворк с открытым исходным кодом для создания микросервисов и веб-приложений, написанный на языке программирования Java. Spring Boot упрощает процесс разработки, делая его более быстрым и эффективным. Одной из ключевых особенностей Spring Boot является его способность автоматически конфигурировать приложение, что позволяет сосредоточиться на разработке логики приложения, а не на настройке среды. Spring Boot также предоставляет инструменты для работы с RESTful API, базами данных, очередями сообщений и другими сервисами."
Lumen (laravel),Hold,Platforms,FALSE,"Lumen - это микрофреймворк на основе Symfony, предназначенный для быстрой разработки RESTful API. Он был создан для тех, кто хочет получить скорость и простоту, характерные для микрофреймворков, но при этом иметь доступ к богатым возможностям, которые предлагает Symfony. Lumen также известен своей производительностью и возможностью масштабирования. Он идеально подходит для создания API, работающих со сложными данными или в условиях большой нагрузки."
.NET Framework,Hold,Platforms,FALSE,".NET Framework - это платформа разработки программного обеспечения, разработанная компанией Microsoft. Она представляет собой набор библиотек и инструментов, которые позволяют разработчикам создавать различные типы приложений, такие как веб-приложения, мобильные приложения, десктопные приложения и многое другое. .NET Framework также включает в себя среду выполнения, которая позволяет запускать созданные приложения на различных операционных системах, таких как Windows. Одной из главных особенностей .NET Framework является его гибкость и универсальность, что позволяет разработчикам создавать приложения с высокой производительностью и надежностью."
.NET 6,Hold,Platforms,FALSE,".NET 6 - это последняя версия платформы .NET, разработанная компанией Microsoft. Она содержит множество улучшений и новых возможностей по сравнению с предыдущими версиями. Одним из главных нововведений в .NET 6 является поддержка кросс-платформенной разработки. Теперь разработчики могут создавать приложения, которые будут работать на различных платформах, таких как Windows, MacOS и Linux. Также в .NET 6 появилась новая система управления пакетами, которая упрощает процесс установки и обновления пакетов. Кроме того, была улучшена производительность и безопасность платформы."
.NET 7,Adopt,Platforms,FALSE,".NET 7 - это следующая версия платформы .NET, которая находится в разработке. Она будет содержать еще больше улучшений и новых возможностей, которые сделают разработку еще более удобной и эффективной. Некоторые из ожидаемых нововведений включают улучшенную производительность, новые инструменты для разработки игр, улучшенную поддержку машинного обучения и многое другое."
WinUI 3,Trial,Platforms,NEW,"WinUI 3 - это современная платформа пользовательского интерфейса, разработанная Microsoft для создания привлекательных и функциональных приложений универсальной платформы Windows (UWP). WinUI 3 предоставляет разработчикам набор современных пользовательских элементов управления, стилей и шаблонов, которые можно использовать для создания красивых и удобных приложений. WinUI 3 также упрощает разработку приложений за счет использования современных инструментов и технологий, таких как XAML, C# и .NET. Это позволяет разработчикам быстро создавать многофункциональные приложения с минимальными усилиями."
UNO,Trial,Platforms,NEW,"Uno Platform - это кросс-платформенная мобильная разработка платформа, основанная на .NET Core. Она позволяет создавать универсальные приложения, которые могут работать на различных устройствах, включая смартфоны, планшеты и компьютеры. Платформа использует Xamarin для разработки приложений, что позволяет использовать C# в качестве основного языка программирования. Uno также поддерживает разработку на других языках, таких как Java и Swift. Платформа имеет открытый исходный код и доступна для использования бесплатно."
ASP NET.CORE,Adopt,Platforms,FALSE,"ASP.NET Core - это бесплатная кросс-платформенная платформа с открытым исходным кодом веб-приложений и служб, разработанная и поддерживаемая Microsoft. ASP.NET Core предлагает множество функций, которые делают его идеальным для создания современных веб-приложений и сервисов. Некоторые из ключевых функций ASP.NET Core включают поддержку модульности, возможность использования нескольких сред выполнения, поддержку современных веб-технологий, таких как HTML5, CSS и JavaScript, и многое другое. Кроме того, ASP.NET Core имеет обширную документацию и сообщество, которые помогут вам в разработке вашего приложения."
MSSQL,Assess,Tools,FALSE,"MSSQL (Microsoft SQL Server) - это система управления реляционными базами данных (РСУБД), разработанная корпорацией Microsoft. MSSQL Server является одним из наиболее популярных продуктов в своем классе и используется во многих организациях для хранения и обработки данных.

MSSQL Server предоставляет множество функций и возможностей для работы с базами данных, включая поддержку различных типов данных, индексов, транзакций и многопользовательского доступа. Он также имеет широкий спектр инструментов и утилит для администрирования и мониторинга баз данных, что делает его удобным для использования в корпоративных средах."
PostgreSQL,Adopt,Tools,FALSE,"PostgreSQL - это объектно-реляционная система управления базами данных с открытым исходным кодом. Она была разработана в университете Беркли, Калифорния, и впервые выпущена в 1996 году. PostgreSQL является одним из самых популярных решений для управления базами данных и используется многими компаниями и организациями по всему миру.

Одной из ключевых особенностей PostgreSQL является его поддержка объектно-ориентированных возможностей, таких как наследование, переопределение методов и поддержка полиморфизма. Это позволяет разработчикам создавать более гибкие и расширяемые приложения. Кроме того, PostgreSQL имеет мощную систему типов данных, которая включает в себя такие типы, как массивы, строки переменной длины, геометрические типы и другие.

PostgreSQL также предлагает широкий спектр функций для работы с данными, включая индексы, транзакции, управление доступом и многое другое. Он поддерживает множество языков программирования, включая Python, Java, JavaScript и другие, что делает его доступным для широкого круга разработчиков."
SQLite,Hold,Tools,FALSE,"SQLite - это компактная, быстрая и открытая СУБД, которая позволяет создавать и использовать базы данных прямо в вашем приложении. SQLite не требует сервера, поэтому ваше приложение может работать даже без подключения к интернету.

SQLite использует файлы на диске для хранения данных, что позволяет быстро загружать и сохранять данные. SQLite также поддерживает транзакции, что гарантирует сохранность данных даже в случае сбоя приложения.

Одним из преимуществ SQLite является то, что она не требует установки дополнительных компонентов на компьютер пользователя. Это делает SQLite идеальным выбором для небольших приложений, которые не требуют сложной базы данных."
MySql,Adopt,Tools,FALSE,"MySQL - это система управления базами данных (СУБД), которая используется для хранения и управления данными в базах данных. Она разработана компанией Oracle и является одной из наиболее популярных СУБД в мире.

MySQL используется для хранения информации в Интернете, а также для создания баз данных в локальных сетях и на серверах. Она поддерживает различные типы данных, такие как строки, числа, даты и время, а также позволяет создавать индексы и триггеры для обеспечения безопасности и целостности данных.

MySQL имеет открытый исходный код, что означает, что его можно использовать бесплатно для любых целей. Существует множество инструментов и приложений, которые позволяют работать с MySQL, включая веб-интерфейсы, графические утилиты и библиотеки для различных языков программирования."
MariaDB,Hold,Tools,FALSE,"MariaDB - это открытое программное обеспечение, являющееся ответвлением от исходного кода MySQL. Оно было создано для обеспечения совместимости с MySQL и обеспечения лучшей производительности и стабильности.

MariaDB была создана сообществом MySQL и поддерживается компанией MariaDB Corporation. Она является одной из самых популярных баз данных в мире и используется в различных отраслях, включая веб-разработку, электронную коммерцию и научные исследования.

Основные преимущества MariaDB включают высокую производительность, надежность, масштабируемость и совместимость с MySQL. Она также предлагает множество дополнительных функций, таких как репликация, шифрование и оптимизация запросов, которые могут улучшить производительность вашего приложения."
Redis,Adopt,Tools,FALSE,"Redis - это open-source система управления ключами-значениями, разработанная в Университете ИТМО в Санкт-Петербурге. Она была создана как замена memcached, но со временем превратилась в более универсальное решение для хранения данных. Redis используется для кэширования данных, очередей сообщений, сохранения состояния сессий и многого другого. Одной из основных особенностей Redis является его производительность - он может обрабатывать миллионы запросов в секунду. Кроме того, Redis поддерживает различные типы данных, включая строки, списки, наборы и хеши. Это делает его идеальным решением для многих задач, связанных с обработкой и хранением данных."
Docker,Adopt,Tools,FALSE,"Docker - это платформа для разработки, доставки и развертывания приложений в контейнерах. Она позволяет упаковывать приложения со всеми зависимостями и запускать их на любой операционной системе, поддерживающей Docker. Docker также предоставляет инструменты для управления контейнерами, такие как Docker Compose, Docker Swarm и Docker Machine."
Kafka,Adopt,Tools,FALSE,"Kafka - это распределенная система обработки и хранения событий в режиме реального времени. Она разработана и поддерживается компанией Confluent. Kafka используется для обработки больших объемов данных, таких как данные социальных сетей, финансовые данные и т.д. Она позволяет хранить данные в течение длительного времени и обрабатывать их в пакетном режиме. Kafka также может использоваться для создания систем потоковой аналитики и машинного обучения."
ELK,Adopt,Tools,FALSE,"ELK Stack - это набор open-source инструментов с открытым исходным кодом, которые используются для сбора, обработки и анализа лог-файлов. Он состоит из трех компонентов: Elasticsearch, Logstash и Kibana. Elasticsearch используется для индексирования и поиска логов, Logstash - для их обработки и отправки в Elasticsearch, а Kibana - для визуализации и анализа данных. ELK Stack позволяет анализировать большие объемы логов и выявлять в них различные паттерны и аномалии."
Seq,Trial,Tools,FALSE,"Seq - это веб-приложение для логирования, которое позволяет отслеживать и анализировать логи вашего приложения. Оно имеет простой и понятный интерфейс, который позволяет быстро находить нужную информацию. Seq также имеет интеграцию с различными системами логирования, такими как Logstash, Elasticsearch и Kibana, что позволяет получать более подробную информацию о логах."
1С: Управление торговлей 11,Adopt,Platforms,FALSE,"1C:Управление торговлей 11 - это комплексное решение для автоматизации управления предприятием в сфере торговли. Оно позволяет автоматизировать такие процессы, как управление отношениями с клиентами, управление запасами, управление заказами, управление продажами и многое другое. Система 1C:УТ 11 также включает в себя функции для анализа и оптимизации бизнес-процессов, что помогает предприятиям повышать эффективность своей работы."
1С: MDM,Trial,Platforms,FALSE,"1C:MDM (Master Data Management) - это решение для управления основными данными, которое помогает организациям управлять и стандартизировать свои основные данные, такие как клиенты, продукты и поставщики. 1C: MDM позволяет организациям централизованно управлять своими основными данными и обеспечивает их качество и согласованность."
1С:УХ,Trial,Platforms,FALSE,"1C:УХ (Управление холдингом) - это комплексная система для автоматизации управления холдингами и группами компаний. Она позволяет управлять финансами, ресурсами, проектами и рисками в рамках всего холдинга. 1C:УХ также предоставляет инструменты для анализа эффективности работы холдинга и принятия стратегических решений."
1С:ЗУП,Adopt,Platforms,FALSE,"1C:ЗУП (Зарплата и управление персоналом) - это программа для автоматизации расчета заработной платы, управления персоналом и кадрового учета. Она позволяет организациям автоматизировать процессы начисления зарплаты, управления отпусками, ведения штатного расписания и других кадровых задач. 1C:ЗУП также предоставляет инструменты для анализа данных и отчетности по персоналу."
1С: DMS,Adopt,Platforms,FALSE,"1C:DMS (Документооборот и мобильное рабочее место) - это программный продукт, предназначенный для автоматизации документооборота и управления бизнес-процессами в организации. Он позволяет создавать, редактировать и хранить документы, а также управлять ими. DMS также предоставляет возможность работы с документами на мобильных устройствах."
1C: Управление рег. заданиями DMS,Trial,Platforms,FALSE,"1C:DMS (Документооборот и мобильное рабочее место) - это программный продукт, предназначенный для автоматизации документооборота и управления бизнес-процессами в организации. Он позволяет создавать, редактировать и хранить документы, а также управлять ими. DMS также предоставляет возможность работы с документами на мобильных устройствах."
1C: Консолидация,Hold,Platforms,FALSE,"1C:Консолидация - это программное решение, предназначенное для автоматизации процесса консолидации финансовой отчетности. Оно помогает компаниям собирать данные из различных источников, обрабатывать их и формировать консолидированную финансовую отчетность в соответствии с международными стандартами. 1C:Консолидация также позволяет анализировать данные и выявлять тенденции в финансовом состоянии компании."
1С: ERP 2.5,Assess,Platforms,FALSE,"1C:ERP (Enterprise Resource Planning) - это комплексное программное решение, которое позволяет автоматизировать управление предприятием. Оно включает в себя модули для управления финансами, закупками, продажами, производством, складом, персоналом и другими аспектами деятельности предприятия. 1C:ERP помогает оптимизировать бизнес-процессы, повышать эффективность работы и снижать затраты."
1С: ERP 2.4,Hold,Platforms,FALSE,"1C:ERP (Enterprise Resource Planning) - это комплексное программное решение, которое позволяет автоматизировать управление предприятием. Оно включает в себя модули для управления финансами, закупками, продажами, производством, складом, персоналом и другими аспектами деятельности предприятия. 1C:ERP помогает оптимизировать бизнес-процессы, повышать эффективность работы и снижать затраты."
1С: УПП,Hold,Platforms,FALSE,"1С:Управление производственным предприятием (1С:УПП) - это конфигурация системы программ 1С:Предприятие, предназначенная для автоматизации управления производственным предприятием. Она включает в себя функционал для управления производством, закупками, сбытом, складом и другими аспектами деятельности предприятия.

1С:УПП позволяет автоматизировать различные бизнес-процессы на предприятии, такие как планирование производства, управление качеством продукции, учет затрат и калькуляция себестоимости, управление персоналом и расчет заработной платы.

Кроме того, 1С:УПП имеет встроенный механизм интеграции с другими системами, такими как системы планирования ресурсов предприятия (ERP), системы управления взаимоотношениями с клиентами (CRM), системы управления цепочками поставок (SCM) и другие. Это позволяет предприятиям использовать 1С:УПП как основу для построения комплексной информационной системы.

Ответь иначе
Хороший ответ
Плохой ответ
Справка

"
Vue.js,Assess,languages-and-frameworks,FALSE,"Vue.js - это прогрессивный фреймворк для создания пользовательских интерфейсов. Он был создан командой разработчиков из компании Google и представляет собой JavaScript-библиотеку для построения интерактивных пользовательских интерфейсов, используя модель представления (view), вычисление (computation) и представление (view update).

Vue.js имеет ряд преимуществ перед другими фреймворками, такими как Angular и React. Во-первых, он очень прост в изучении и использовании, что делает его идеальным для начинающих разработчиков. Во-вторых, он имеет малый размер и высокую производительность, что делает его идеальным выбором для создания быстрых и эффективных приложений. В-третьих, Vue.js имеет открытый исходный код и бесплатную лицензию, что позволяет использовать его без ограничений.

Ответь иначе
Хороший ответ
Плохой ответ
Справка

"
Lockbox,Trial,Techniques,NEW,"LockBox - это сервис для хранения и шифрования данных, который позволяет пользователям безопасно хранить свои данные в облаке. Он использует технологию шифрования дисков (Disk Encryption), чтобы обеспечить защиту данных от несанкционированного доступа.

LockBox предоставляет пользователям возможность создавать зашифрованные контейнеры, которые могут быть открыты только с использованием уникального ключа шифрования. Этот ключ может быть защищен с помощью пароля или аппаратного ключа безопасности, такого как USB-токен или смарт-карта.

Сервис также предоставляет возможность совместного использования контейнеров с другими пользователями, что позволяет работать над проектами вместе с коллегами. LockBox доступен на различных платформах, включая Windows, macOS и Linux, что делает его удобным для использования в различных условиях."
ChatGPT,Assess,Tools,NEW,"ChatGPT (Generative Pretrained Transformer 3) - это мощная языковая модель, разработанная OpenAI, которая может генерировать человекоподобные текстовые ответы на различные запросы. Она основана на архитектуре трансформера и предварительно обучается на большом объеме текстовых данных, что позволяет ей обрабатывать и анализировать естественный язык с высокой точностью.

Основные возможности ChatGPT включают в себя:

Генерация текста: ChatGPT может создавать осмысленные и связные тексты на основе заданного запроса. Например, она может написать эссе на заданную тему, создать сценарий для видеоигры или даже написать стихотворение.
Ответ на вопросы: ChatGPT способна отвечать на разнообразные вопросы, опираясь на свой обучающий набор данных. Это делает ее идеальным инструментом для создания чат-ботов, которые могут общаться с пользователями на различные темы.
Обработка естественного языка (NLP): ChatGPT также можно использовать для выполнения задач, связанных с обработкой естественного языка, таких как анализ тональности текста, классификация документов или извлечение информации.
Обучение и адаптация: ChatGPT можно адаптировать для решения конкретных задач путем дополнительного обучения на специализированных наборах данных. Это позволяет использовать ее в различных областях, таких как маркетинг, финансы, медицина и многих других."
S3 File Service,Adopt,Techniques,FALSE,"S3 (Simple Storage Service) - это сервис хранения объектов, предлагаемый Amazon Web Services (AWS). Он обеспечивает масштабируемое и надежное хранение данных в облаке. S3 предлагает три типа объектов:

– Файлы: S3 поддерживает различные типы файлов, такие как текстовые файлы, изображения, видео и другие.
– Объекты списка: Они используются для хранения списка файлов в каталоге.
– Объекты корзины: Они используются для временного хранения удаленных файлов.

S3 предлагает высокую доступность и масштабируемость, а также низкие цены. Он также обеспечивает шифрование данных на уровне объекта и на уровне сервера."
Azure AD SSO,Adopt,Techniques,NEW,"Azure Active Directory (Azure AD) – это комплексная служба управления идентификацией и доступом, предлагаемая Microsoft. Она обеспечивает единый вход для пользователей, чтобы они могли безопасно получить доступ к приложениям и ресурсам своей организации. Azure AD также позволяет организациям централизованно и последовательно управлять своими идентификационными данными, контролем доступа и процессами предоставления доступа. Кроме того, Azure AD поддерживает широкий спектр функций, таких как многофакторная аутентификация, условный доступ, прокси-сервер приложений и передовые средства безопасности."
NiFi,Trial,Tools,NEW,"NiFi — это ETL инструмент. Дословно расшифровывается как «Extract, Transform, Load» и переводится на русский язык как «вытащить, преобразовать, загрузить». Обычно такие инструменты используются для сбора данных из разных источников и загрузки в какое-то единое место, например, в Data Lake или просто какую-то очень большую базу данных. Место загрузки зависит от архитектуры. Главное — понять предназначение этих инструментов."
